Imagem,Tempo (s),Bits da Original,Bits da Comprimida,Taxa de Compressão
RGB,0.2255764999999883,6291456,5669544,1.1096934779939973
Binária,0.04312949999984994,2097152,417528,5.022781705658064
Pancromática,0.07657349999954022,2097152,1908960,1.0985835219176934
