Imagem,Tempo (s),Bits da Original,Bits da Comprimida,Taxa de Compressão
Area17,2.455315100000007,71817984,64134656,1.1197999409242954
