Imagem,Tempo (s),Taxa de Compressão,bpp,Bits da Original,Bits da Comprimida
RGB,0.08036779999929422,1.0992007916607265,7.27801513671875,2097152,1907888
Binária,0.05307660000107717,5.022781705658064,1.592742919921875,2097152,417528
Pancromática,0.08380190000025323,1.0985835219176934,7.2821044921875,2097152,1908960
