Imagem,Tempo (s),Bits da Original,Bits da Comprimida,Taxa de Compressão
RGB,0.10070809999979247,2097152,1907888,1.0992007916607265
Binária,0.056880699999965145,2097152,417528,5.022781705658064
Pancromática,0.10273219999999128,2097152,1908960,1.0985835219176934
