Imagem,Tempo (s),Bits da Original,Bits da Comprimida,Taxa de Compressão,Qtd. Códigos LZW
RGB,0.8106317000001582,6291456,4497020,1.3990278006324188,346727
Binária,0.11404200000015408,2097152,209696,10.000915611170456,17663
Pancromática,0.2728391000000556,2097152,1493316,1.4043591577402237,114996
