Imagem,Tempo (s),Bits da Original,Bits da Comprimida,Taxa de Compressão,Qtd. Códigos LZW
RGB,0.38595400000031077,2097152,1491114,1.4064330426781588,114733
Binária,0.15219960000013089,2097152,209696,10.000915611170456,17663
Pancromática,0.4772247000000789,2097152,1493316,1.4043591577402237,114996
